feature	metadata	value	coef	stderr	N	N.not.0	pval	qval
C18.neg_Cluster_2021..urobilin	diagnosis_modified	CD	-7.59872004464517	0.942713582160045	220	171	8.98133430528509e-14	1.49808656212155e-10
HILIC.pos_Cluster_2093..urobilin.	diagnosis_modified	CD	-8.60580983560599	1.0933239521381	220	158	2.81107350006072e-13	2.34443529905064e-10
HILIC.pos_Cluster_1486..C16.carnitine	diagnosis_modified	CD	4.37233190753101	0.649593421080539	220	189	2.02840447324058e-10	1.12779288712177e-07
HILIC.pos_Cluster_0268..pyridoxamine	diagnosis_modified	CD	-2.44626344875783	0.38406491465514	220	219	1.44908619317188e-09	6.04268942552673e-07
C18.neg_Cluster_0490..docosapentaenoic.acid	diagnosis_modified	CD	2.96908750862624	0.476615528821385	220	213	3.04788276852711e-09	1.01677369158065e-06
C18.neg_Cluster_0863..docosapentaenoic.acid	diagnosis_modified	CD	3.1501063763254	0.514286238012415	220	173	5.271987985165e-09	1.2540720053645e-06
C8.pos_Cluster_0988..sphingosine	diagnosis_modified	CD	2.80801816080922	0.458589655411307	220	186	5.32847672104709e-09	1.2540720053645e-06
HILIC.neg_Cluster_1303..lithocholate	antibiotic	Yes	-5.87945082951546	0.969552902138377	220	202	7.24830312169613e-09	1.2540720053645e-06
HILIC.pos_Cluster_0521..L.1.2.3.4.tetrahydro.beta.carboline.3.carboxylic.acid.	diagnosis_modified	CD	-2.29279101799024	0.378533483018287	220	211	7.51841729834832e-09	1.2540720053645e-06
HILIC.pos_Cluster_1580..C18.2.carnitine	diagnosis_modified	CD	4.00761842451551	0.659686338301343	220	158	6.84737058912564e-09	1.2540720053645e-06
C18.neg_Cluster_0506..adrenic.acid	diagnosis_modified	CD	3.81439098221328	0.644255911831844	220	188	1.51842724719983e-08	1.80909760594951e-06
C18.neg_Cluster_0901..7.ketodeoxycholate	diagnosis_modified	CD	-2.17299738359932	0.366504873940534	220	159	1.45484723724482e-08	1.80909760594951e-06
C18.neg_Cluster_1324..docosapentaenoic.acid	diagnosis_modified	CD	2.85192053549716	0.47905016640432	220	160	1.28438222255365e-08	1.80909760594951e-06
HILIC.neg_Cluster_0441..sebacate	diagnosis_modified	CD	-2.58873262158921	0.435500756120434	220	217	1.34518525300446e-08	1.80909760594951e-06
C18.neg_Cluster_0268..hexadecanedioic.acid	diagnosis_modified	CD	-1.36863399720872	0.231999493005739	220	217	1.69316243123254e-08	1.82535977930584e-06
C18.neg_Cluster_0729..docosapentaenoic.acid	diagnosis_modified	CD	2.47460975462145	0.41994354918134	220	112	1.75094463242767e-08	1.82535977930584e-06
C18.neg_Cluster_0833..deoxycholic.acid	antibiotic	Yes	-4.52066201466634	0.771193660200768	220	213	2.0484186651318e-08	2.00986019614109e-06
C18.neg_Cluster_0591..eicosatrienoic.acid	diagnosis_modified	CD	2.64723165814615	0.452744144744151	220	119	2.20857523131599e-08	2.04661304768615e-06
HILIC.pos_Cluster_0184..pyridoxamine	diagnosis_modified	CD	-2.25088711447128	0.389391547741751	220	217	3.0922231087271e-08	2.71464639229306e-06
C18.neg_Cluster_0079..undecanedionate	diagnosis_modified	CD	-2.26237311097439	0.396001058739764	220	213	4.33855707736311e-08	3.61835660252083e-06
C8.pos_Cluster_0264..linoleoyl.ethanolamide	diagnosis_modified	CD	2.98185873575527	0.52608812253419	220	217	5.43184584445538e-08	4.31443755645313e-06
C18.neg_Cluster_0361..eicosatrienoic.acid	diagnosis_modified	CD	2.93499459323953	0.519529628399264	220	206	5.95934850427859e-08	4.51826968415304e-06
C8.pos_Cluster_0253..sphingosine	diagnosis_modified	CD	2.16899104631003	0.396965464089791	220	220	1.48089242215275e-07	1.04951616461776e-05
HILIC.pos_Cluster_1374..C14.carnitine	diagnosis_modified	CD	2.93056252877608	0.536742305707737	220	100	1.51009520088886e-07	1.04951616461776e-05
C8.pos_Cluster_0341..N.oleoylethanolamine	diagnosis_modified	CD	2.55667505646403	0.472277890441037	220	214	1.89033959048586e-07	1.26123457477217e-05
HILIC.pos_Cluster_0384..N.acetylglutamic.acid	diagnosis_modified	CD	-1.83336517957598	0.340927125744694	220	220	2.24713330245758e-07	1.44162244173048e-05
C18.neg_Cluster_0731..lithocholic.acid	antibiotic	Yes	-4.19971872430966	0.783827950624816	220	212	2.46903140542223e-07	1.52531273490529e-05
C18.neg_Cluster_0045..azelate	diagnosis_modified	CD	-1.96416598188666	0.369375082403875	220	220	2.9952922416556e-07	1.78433837824341e-05
HILIC.pos_Cluster_0540..pantothenate	diagnosis_modified	CD	-1.52330053565397	0.287147015166795	220	220	3.18040885483249e-07	1.82928343788296e-05
C8.pos_Cluster_0339..linoleoyl.ethanolamide	diagnosis_modified	CD	2.75067466732597	0.521242986133481	220	218	3.6296290721199e-07	2.01807376409867e-05
HILIC.pos_Cluster_0151..butyrobetaine	antibiotic	Yes	-2.15360873752337	0.409086813620893	220	220	3.85507778285353e-07	2.04139553395018e-05
HILIC.pos_Cluster_0524..N.acetyl.L.arginine	diagnosis_modified	CD	-1.67931823454027	0.319195324023808	220	220	3.91634634810587e-07	2.04139553395018e-05
C18.neg_Cluster_0183..1.2.3.4.tetrahydro.b.carboline.1.3.dicarboxylic.acid	diagnosis_modified	CD	-2.34232389998874	0.445837452816434	220	171	4.05467988226445e-07	2.04945637685367e-05
C8.pos_Cluster_0166..sphingosine	diagnosis_modified	CD	2.3180799347033	0.442393358242783	220	215	4.3299105058643e-07	2.06351163536619e-05
HILIC.pos_Cluster_0177..4.hydroxy.3.methylacetophenone	diagnosis_modified	CD	-2.14000857991871	0.408406762520146	220	210	4.3292249208754e-07	2.06351163536619e-05
C18.neg_Cluster_0832..chenodeoxycholate	diagnosis_modified	CD	4.23480543528501	0.810412841888846	220	151	4.63351314470445e-07	2.14686109037973e-05
HILIC.neg_Cluster_0288..suberate	diagnosis_modified	CD	-1.71420975847967	0.328496553620765	220	219	4.79201354567791e-07	2.16029151194345e-05
HILIC.pos_Cluster_0658..geranyl.acetoacetate.	diagnosis_modified	CD	-1.67627510388384	0.322451505729507	220	217	5.25985629664329e-07	2.30880007968447e-05
HILIC.pos_Cluster_0062..nicotinic.acid	diagnosis_modified	CD	-1.44035728887847	0.279016929182415	220	219	6.23396064779759e-07	2.66621701551959e-05
HILIC.neg_Cluster_1088..linoleoyl.ethanolamide	diagnosis_modified	CD	2.29615604166124	0.449659914587241	220	217	8.08414152493523e-07	3.37108701589799e-05
HILIC.neg_Cluster_1325..linoleoyl.ethanolamide	diagnosis_modified	CD	2.44779028811483	0.481117416293226	220	220	8.81593479551565e-07	3.58658030217564e-05
HILIC.neg_Cluster_0220..3.methyladipate.pimelate	diagnosis_modified	CD	-4.63694388867314	0.921036849165395	220	180	1.12676777951641e-06	4.4748777529366e-05
C18.neg_Cluster_0144..2.hydroxymyristic.acid	diagnosis_modified	CD	-1.95127950595576	0.390001869953256	220	220	1.30010393232822e-06	4.92857581618972e-05
C18.neg_Cluster_0486..carnosol	diagnosis_modified	CD	-3.55231386638908	0.709446796524745	220	159	1.27709776700134e-06	4.92857581618972e-05
HILIC.pos_Cluster_0495..N.acetylglutamic.acid	diagnosis_modified	CD	-1.69845798123962	0.340644804534411	220	214	1.40665880363374e-06	5.2140152988024e-05
HILIC.pos_Cluster_0540..pantothenate	diagnosis_modified	UC	-1.49039854845229	0.301173693845031	220	220	1.66738513327898e-06	6.04608348328117e-05
HILIC.neg_Cluster_0064..caproic.acid	diagnosis_modified	CD	-3.28028041927367	0.664249133190589	220	215	1.74715409228085e-06	6.20053835303077e-05
C18.neg_Cluster_0031..phenyllactate	antibiotic	Yes	-6.03676862991782	1.23623642635028	220	205	2.2409007701447e-06	7.78510052456821e-05
C8.pos_Cluster_0629..cholestenone	diagnosis_modified	CD	-2.37661787700651	0.487360367892255	220	113	2.30910573401194e-06	7.78510052456821e-05
HILIC.neg_Cluster_0082..nicotinate	antibiotic	Yes	-1.57815821202124	0.3237809183911	220	220	2.33366322678903e-06	7.78510052456821e-05
HILIC.neg_Cluster_0365..azelaic.acid	diagnosis_modified	CD	-1.79064995406209	0.370939881993642	220	220	2.87756725345808e-06	9.41133760542761e-05
C18.neg_Cluster_0064..sebacate	diagnosis_modified	CD	-2.08364817963915	0.43280049581446	220	218	3.0490502885663e-06	9.78041515640113e-05
C18.neg_Cluster_0111..dodecanedioic.acid	diagnosis_modified	CD	-1.74678363485672	0.364314052624516	220	216	3.32684743940344e-06	0.000104701538281603
C18.neg_Cluster_1060..chenodeoxycholate	diagnosis_modified	CD	2.77230384802179	0.581880959874329	220	118	3.80513836386806e-06	0.000117536496128369
HILIC.pos_Cluster_1370..5alpha.cholestanol	diagnosis_modified	CD	-4.00680288453465	0.843614169087856	220	134	4.06223422760952e-06	0.000123196485302776
HILIC.neg_Cluster_0401..glucurote	antibiotic	Yes	-3.00886252637593	0.636120020526332	220	200	4.42718759232713e-06	0.000131866944714315
C18.neg_Cluster_0563..palmitoylethanolamide	diagnosis_modified	CD	1.97909072110965	0.420681164034447	220	208	4.9519013508649e-06	0.00014490827110952
HILIC.neg_Cluster_1126..docosapentaenoate	diagnosis_modified	CD	2.14876536449768	0.463093838937241	220	220	6.55784172884392e-06	0.000188594482822615
C8.pos_Cluster_0123..sphingosine	diagnosis_modified	CD	1.78419289627785	0.386583951621894	220	218	7.29890660487027e-06	0.000206348749439383
HILIC.pos_Cluster_0268..pyridoxamine	diagnosis_modified	UC	-1.85658730322314	0.402825879822487	220	219	7.50244246820234e-06	0.000208567900616025
C8.pos_Cluster_0478..cholestenone	diagnosis_modified	CD	-2.642344392926	0.576545682106862	220	220	8.38561869508703e-06	0.000225600193280728
HILIC.pos_Cluster_0657..geranyl.acetoacetate.	diagnosis_modified	CD	-1.52666721641321	0.332870376832506	220	217	8.26716282371089e-06	0.000225600193280728
HILIC.neg_Cluster_0824..inosine	antibiotic	Yes	-3.02790622619519	0.661421412292777	220	203	8.57444209696448e-06	0.000227018562186298
HILIC.pos_Cluster_0062..nicotinic.acid	antibiotic	Yes	-1.41058524201743	0.308870683504469	220	219	8.98743390838649e-06	0.000234234996237323
C8.pos_Cluster_1495..linoleoyl.ethanolamide	diagnosis_modified	CD	2.52750973879341	0.554462140040615	220	75	9.31760139074836e-06	0.000239103986457973
C8.pos_Cluster_1900..cholestenone	diagnosis_modified	CD	-3.76394643194214	0.830602882749484	220	158	1.04523933203877e-05	0.000264160485733435
C18.neg_Cluster_1372..cholate	diagnosis_modified	CD	3.20966210506098	0.709773055819989	220	117	1.08833962893298e-05	0.00027092560974607
HILIC.pos_Cluster_0447..ADMA	steroids	Yes	1.25884520238288	0.278589799437763	220	220	1.1044928934492e-05	0.00027092560974607
HILIC.neg_Cluster_0122..erythronic.acid	diagnosis_modified	CD	1.47180426077756	0.326047662313759	220	220	1.12609991727129e-05	0.00027176807705011
HILIC.pos_Cluster_0453..C2.carnitine	antibiotic	Yes	4.18053718409691	0.926725627611887	220	145	1.14051351280022e-05	0.00027176807705011
C8.pos_Cluster_0554..cholestenone	diagnosis_modified	CD	-2.1944282628739	0.489955759431442	220	220	1.30754755487053e-05	0.000307181594580851
C8.pos_Cluster_1849..cholestenone	diagnosis_modified	CD	-6.04691195663626	1.35719808152459	220	123	1.44314707823224e-05	0.000334329073123801
C18.neg_Cluster_1045..chenodeoxycholate	diagnosis_modified	CD	3.03486953226925	0.686871955235487	220	159	1.6859531766766e-05	0.000385228753246106
HILIC.neg_Cluster_0181..hydrocinnamic.acid	diagnosis_modified	CD	-3.64793315632211	0.829537644068375	220	205	1.83933235439621e-05	0.000414595455017956
C18.neg_Cluster_1196..glycodeoxycholic.acid	antibiotic	Yes	-3.49789280222109	0.797726004017733	220	177	1.93943229338316e-05	0.000417291149500297
C18.neg_Cluster_1722..cholate	diagnosis_modified	CD	2.61667488367174	0.596406241036986	220	124	1.91876536792031e-05	0.000417291149500297
HILIC.neg_Cluster_0082..nicotinate	diagnosis_modified	CD	-1.28414603222733	0.292486022151208	220	220	1.89455512989325e-05	0.000417291149500297
HILIC.pos_Cluster_0108..hypoxanthine	antibiotic	Yes	-1.38770902136494	0.316585955683268	220	220	1.95136149046902e-05	0.000417291149500297
HILIC.pos_Cluster_1148..linoleoyl.ethanolamide	diagnosis_modified	CD	2.23585231545275	0.510876791286956	220	215	2.00779526410353e-05	0.000423924367155023
HILIC.pos_Cluster_0524..N.acetyl.L.arginine	diagnosis_modified	UC	-1.45557962293644	0.334787512029234	220	220	2.2617626109172e-05	0.000471577504376235
HILIC.neg_Cluster_0082..nicotinate	diagnosis_modified	UC	-1.3283270715441	0.306773502897638	220	220	2.43407529702606e-05	0.000501239209313514
HILIC.neg_Cluster_1403..cholate	diagnosis_modified	CD	2.83545243525499	0.657833117610651	220	219	2.63971933344625e-05	0.000536957542461993
C18.neg_Cluster_1941..arachidonic.acid	diagnosis_modified	UC	1.47133669978847	0.341711040119828	220	170	2.68896684339195e-05	0.000540385143949128
C18.neg_Cluster_1621..cholate	diagnosis_modified	CD	2.8503689584623	0.663566720312511	220	108	2.80463933570823e-05	0.000550369224936626
C8.pos_Cluster_0168..palmitoylethanolamide	diagnosis_modified	CD	1.6678715120134	0.388074213449608	220	217	2.77844387720326e-05	0.000550369224936626
HILIC.neg_Cluster_0372..N.acetylglutamate	diagnosis_modified	CD	-1.22906966955448	0.286622297073321	220	220	2.89110416195005e-05	0.000560739737457288
HILIC.neg_Cluster_0187..xanthine	antibiotic	Yes	-1.90563532270127	0.44556686321148	220	219	3.02709944685353e-05	0.000580368031879504
HILIC.pos_Cluster_0268..pyridoxamine	antibiotic	Yes	-1.8136955165247	0.425158405431606	220	219	3.16549088033977e-05	0.000600004407773493
HILIC.pos_Cluster_0062..nicotinic.acid	diagnosis_modified	UC	-1.24244832293843	0.292646465986608	220	219	3.43920443079587e-05	0.000644561010176125
HILIC.pos_Cluster_0230..carnitine	antibiotic	Yes	1.69074028359931	0.398554686098868	220	219	3.48678878353154e-05	0.000646218187881179
C18.neg_Cluster_0486..carnosol	diagnosis_modified	UC	-3.14685300778629	0.744102153288165	220	159	3.67741074902223e-05	0.000674057266963635
C18.neg_Cluster_0219..2.hydroxyhexadecanoate	diagnosis_modified	CD	-2.17042563073416	0.513763302558242	220	220	3.74502339576023e-05	0.000678989024361746
HILIC.pos_Cluster_0184..pyridoxamine	antibiotic	Yes	-1.81967582099713	0.431054968077678	220	217	3.79256901628122e-05	0.000680215604210438
HILIC.neg_Cluster_0622..1.2.3.4.tetrahydro.1.methyl.beta.carboline.3.carboxylic.acid	diagnosis_modified	CD	-1.87571456320493	0.444794791842565	220	206	3.86090337422197e-05	0.000685104981723644
HILIC.neg_Cluster_0296..citrulline	antibiotic	Yes	-1.80003552532219	0.429067003678121	220	219	4.21608731386133e-05	0.000740256172581126
HILIC.neg_Cluster_0181..hydrocinnamic.acid	antibiotic	Yes	-3.81947642153412	0.91829502914705	220	205	4.87034578477045e-05	0.000846222580103866
HILIC.pos_Cluster_0521..L.1.2.3.4.tetrahydro.beta.carboline.3.carboxylic.acid.	diagnosis_modified	UC	-1.63803906059313	0.397024246476743	220	211	5.56762519760919e-05	0.000957401941197127
HILIC.pos_Cluster_1374..C14.carnitine	antibiotic	Yes	2.43773417288803	0.594171698884004	220	100	6.10127247741097e-05	0.00103846147880832
HILIC.pos_Cluster_0081..pipecolic.acid	diagnosis_modified	CD	-2.03525225550656	0.497337260513762	220	219	6.35890149127001e-05	0.0010713785542867
HILIC.neg_Cluster_0677..cystine	diagnosis_modified	CD	2.41979257224472	0.591829350120585	220	173	6.45088507309165e-05	0.00107600763019169
HILIC.pos_Cluster_0036..creatinine	steroids	Yes	2.72929397732185	0.670608417882286	220	213	6.9473681450327e-05	0.00112926286907768
HILIC.pos_Cluster_0090..creatine	steroids	Yes	2.19904241193571	0.540446979393935	220	218	6.97326591816553e-05	0.00112926286907768
HILIC.pos_Cluster_0184..pyridoxamine	diagnosis_modified	UC	-1.66328795390279	0.408412710531905	220	217	6.87413506253121e-05	0.00112926286907768
C18.neg_Cluster_1129..chenodeoxycholate	diagnosis_modified	CD	2.80336378688113	0.690193303679157	220	203	7.17441639776929e-05	0.00115066601456531
HILIC.neg_Cluster_0299..ascorbate	antibiotic	Yes	-2.60028142097552	0.641908122827576	220	216	7.48681186818669e-05	0.00118933354248909
C18.neg_Cluster_1273..cholate	diagnosis_modified	CD	2.5646469533735	0.634318686554853	220	197	7.71672973203509e-05	0.00121429294273911
C18.neg_Cluster_1575..taurodeoxycholic.acid	antibiotic	Yes	-3.22687959940628	0.802897334595537	220	162	8.47985038237426e-05	0.0013096657812778
HILIC.pos_Cluster_2093..urobilin.	diagnosis_modified	UC	-4.60949743930485	1.14673110233589	220	158	8.4586670075716e-05	0.0013096657812778
HILIC.neg_Cluster_0552..pantothete	diagnosis_modified	CD	-1.0847046825744	0.270528278621518	220	220	8.79865017215637e-05	0.00134643564102356
HILIC.neg_Cluster_0040..pyrocatechol	diagnosis_modified	CD	-1.86395889997767	0.466158251113705	220	211	9.1844455164408e-05	0.00139269592012939
HILIC.neg_Cluster_0122..erythronic.acid	diagnosis_modified	UC	1.36637686117282	0.341974576234172	220	220	9.29227733883552e-05	0.00139635302713312
HILIC.neg_Cluster_0123..hypoxanthine	antibiotic	Yes	-1.4928800135617	0.374375306195872	220	218	9.58155174171424e-05	0.00142696681296244
HILIC.pos_Cluster_0086..N.acetylputrescine	diagnosis_modified	CD	3.01579480737422	0.760488918476112	220	216	0.000104358352716099	0.00154044010911906
C18.neg_Cluster_0004..4.hydroxystyrene	antibiotic	Yes	-3.81844816867918	0.966617990854541	220	148	0.000110697254796892	0.00161967562281768
C18.neg_Cluster_1258..cholate	diagnosis_modified	CD	2.34610533242185	0.597176130772222	220	220	0.000120308008864592	0.001744989206836
HILIC.neg_Cluster_0220..3.methyladipate.pimelate	antibiotic	Yes	-3.99488984091387	1.01958430253001	220	180	0.000125254191688142	0.00180106889427431
HILIC.pos_Cluster_1160..linoleoyl.ethanolamide	diagnosis_modified	CD	1.76590922326275	0.451096210370407	220	214	0.000126919059651559	0.00180941018375043
HILIC.pos_Cluster_0453..C2.carnitine	steroids	Yes	2.66918168874591	0.683102529874762	220	145	0.000130495929884313	0.00184463738175452
HILIC.pos_Cluster_0914..8.hydroxy.deoxyguanosine	antibiotic	Yes	-2.54731766490885	0.653650825021816	220	209	0.000135770131747988	0.00190306369542559
C18.neg_Cluster_0515..palmitoylethanolamide	diagnosis_modified	CD	1.64095409803574	0.421906158310068	220	134	0.000139803093382722	0.0019114062275605
C18.neg_Cluster_0930..cholate	diagnosis_modified	CD	2.2868740264903	0.587579074230536	220	220	0.000138400967990054	0.0019114062275605
HILIC.neg_Cluster_1300..riboflavin	antibiotic	Yes	-1.28012430825151	0.329114984993468	220	200	0.000139689076167126	0.0019114062275605
C18.neg_Cluster_1596..oleanolic.acid	diagnosis_modified	CD	-2.12222038743345	0.546288973088677	220	178	0.000142265925623549	0.00192926474748032
C18.neg_Cluster_1178..cholate	diagnosis_modified	CD	2.49043758542763	0.642213946329939	220	161	0.000146048451009641	0.00196458722809743
C18.neg_Cluster_1131..arachidonic.acid	diagnosis_modified	UC	1.24290249583605	0.322765228322959	220	220	0.000161846996313928	0.00215968631881305
C18.neg_Cluster_1292..chenodeoxycholate	diagnosis_modified	CD	2.19819848852512	0.573311661980386	220	195	0.0001722996149587	0.00228091871231041
C18.neg_Cluster_1941..arachidonic.acid	diagnosis_modified	CD	1.24090744956055	0.325796399968577	220	170	0.000189537624126042	0.00246623736702252
HILIC.neg_Cluster_0182..guanine	diagnosis_modified	CD	-2.47354352458447	0.649069863204192	220	175	0.000188077960157537	0.00246623736702252
HILIC.pos_Cluster_0090..creatine	antibiotic	Yes	2.79138681766868	0.733193106840955	220	218	0.000190734184859655	0.00246623736702252
C18.neg_Cluster_1275..oleanolic.acid	diagnosis_modified	CD	-2.06489900287822	0.542707422908386	220	185	0.000192423988272998	0.00246894778799509
HILIC.neg_Cluster_0697..pentadecanoate	diagnosis_modified	CD	-1.7035217103022	0.451096856080557	220	220	0.000213971353591711	0.00272445967779369
HILIC.neg_Cluster_0161..2.methylglutaric.acid	antibiotic	Yes	-1.99657450795608	0.529026544167069	220	220	0.000215848667919482	0.00272754225825528
C18.neg_Cluster_0177..tetradecanedioate	diagnosis_modified	CD	-0.671694934387381	0.17826608096543	220	220	0.000220820013237981	0.00272835394134039
C8.pos_Cluster_0705..cholestenone	diagnosis_modified	CD	-1.92222186091124	0.510145901392171	220	125	0.000220779017958915	0.00272835394134039
HILIC.neg_Cluster_0120..adenine	diagnosis_modified	CD	-1.8559861428158	0.492324556947691	220	220	0.000219258256694552	0.00272835394134039
HILIC.pos_Cluster_0038..N.acetylputrescine	diagnosis_modified	CD	2.99177476667355	0.795552200662821	220	199	0.000226899399546732	0.00278285440032315
C18.neg_Cluster_1620..arachidonic.acid	diagnosis_modified	UC	1.37535104503038	0.368892925337702	220	200	0.000255721992930478	0.00311346192852581
HILIC.pos_Cluster_0152..acetylcholine	diagnosis_modified	CD	-2.35817784954063	0.634255936135653	220	217	0.000265614624591283	0.0032104724189729
HILIC.neg_Cluster_0562..ethyl.glucuronide	mesalamine	Yes	2.51181886555623	0.679724059005269	220	117	0.00028868313039497	0.00346419756473964
HILIC.neg_Cluster_0084..4.methylcatechol	diagnosis_modified	CD	-2.12756522045675	0.576290432831949	220	210	0.00029243303805579	0.00348413076769327
C18.neg_Cluster_0506..adrenic.acid	diagnosis_modified	UC	2.49036010099112	0.675726796725319	220	188	0.000299335295912401	0.00350470338279363
C18.neg_Cluster_0731..lithocholic.acid	diagnosis_modified	CD	-2.60882184051986	0.708067419378496	220	212	0.000300463179699933	0.00350470338279363
HILIC.neg_Cluster_0156..caprylic.acid	diagnosis_modified	CD	-2.23513490169565	0.606132137476531	220	220	0.000297062650166872	0.00350470338279363
C18.neg_Cluster_2021..urobilin	diagnosis_modified	UC	-3.63997783023683	0.988763653392326	220	171	0.000303868773470647	0.00351981329270166
C18.neg_Cluster_0833..deoxycholic.acid	diagnosis_modified	CD	-2.56048239257278	0.69665429050359	220	213	0.000310537414321466	0.00354778361019319
HILIC.neg_Cluster_0552..pantothete	diagnosis_modified	UC	-1.04313909195882	0.283743158237787	220	220	0.000309461362850153	0.00354778361019319
C18.neg_Cluster_1574..taurochenodesoxycholic.acid	antibiotic	Yes	3.15775271081386	0.864564395803556	220	188	0.000337639605758645	0.00383117593473075
C18.neg_Cluster_0709..arachidonic.acid	diagnosis_modified	UC	1.4108221529233	0.38864604874278	220	220	0.000366096203757577	0.00412600316126783
HILIC.pos_Cluster_0384..N.acetylglutamic.acid	diagnosis_modified	UC	-1.29066056751062	0.357580877979373	220	220	0.000394448384420386	0.00441570406183358
C18.neg_Cluster_0490..docosapentaenoic.acid	steroids	Yes	1.3992913958842	0.388909940052693	220	213	0.000411014163729566	0.00454020943775441
HILIC.pos_Cluster_0298..dimethyllysine	diagnosis_modified	CD	1.3871119742196	0.385431166696806	220	220	0.000409724700310693	0.00454020943775441
C18.neg_Cluster_0354..arachidonic.acid	diagnosis_modified	UC	1.5044269907212	0.419846401939944	220	220	0.000433269534247466	0.00475456304687351
HILIC.pos_Cluster_1017..sphinganine	antibiotic	Yes	-1.48104503956214	0.419131751732697	220	220	0.000517137930260481	0.00563781743578093
HILIC.pos_Cluster_0081..pipecolic.acid	diagnosis_modified	UC	-1.84030035209287	0.52163140107409	220	219	0.000527554462958856	0.00571403145594397
C18.neg_Cluster_0079..undecanedionate	diagnosis_modified	UC	-1.46407645938427	0.415345085714788	220	213	0.000533196301679524	0.00573788020129965
C18.neg_Cluster_0927..alpha.muricholate	diagnosis_modified	CD	2.82958699075708	0.809797835070733	220	192	0.000594290690372179	0.00635433892013329
C18.neg_Cluster_0354..arachidonic.acid	diagnosis_modified	CD	1.39536291052851	0.400292733427131	220	220	0.000611930444827662	0.00650127377052574
HILIC.pos_Cluster_0540..pantothenate	antibiotic	Yes	-1.10360074217756	0.317870657887041	220	220	0.00064267928222327	0.0067847407768887
HILIC.neg_Cluster_0003..propionate	antibiotic	Yes	-1.47529810247442	0.429387548240648	220	218	0.000728609276217815	0.00764352372786991
C18.neg_Cluster_1680..maslinic.acid	diagnosis_modified	CD	-2.09895882675521	0.612572812080155	220	175	0.000752615696393747	0.00784601863490481
HILIC.neg_Cluster_1002..eicosapentaenoic.acid	diagnosis_modified	CD	1.88321972759268	0.553999224869478	220	198	0.000826532365594192	0.00856308065721187
HILIC.pos_Cluster_0495..N.acetylglutamic.acid	diagnosis_modified	UC	-1.21270268374586	0.357284765823366	220	214	0.000841154317777879	0.00866077408675001
HILIC.neg_Cluster_0064..caproic.acid	diagnosis_modified	UC	-2.35952457947264	0.69669665540547	220	215	0.000863061467709041	0.00883181919103485
HILIC.neg_Cluster_0335..4.pyridoxate	mesalamine	Yes	1.03656246124367	0.306623659350417	220	220	0.000881491518479839	0.00896541373673397
C18.neg_Cluster_0709..arachidonic.acid	diagnosis_modified	CD	1.24891567445924	0.370545486320864	220	220	0.000912464524265454	0.00922418682711986
C18.neg_Cluster_1620..arachidonic.acid	diagnosis_modified	CD	1.1842660206177	0.351712332755639	220	200	0.000922922619680325	0.00927370439534206
HILIC.pos_Cluster_0272..3.methylhistidine	mesalamine	Yes	1.06417723484182	0.316661223664896	220	220	0.000943714110073378	0.00942583913534368
HILIC.neg_Cluster_1303..lithocholate	diagnosis_modified	CD	-2.93934722263019	0.875841210843289	220	202	0.000958597520845942	0.00951750395697042
HILIC.pos_Cluster_0081..pipecolic.acid	mesalamine	Yes	1.28385670257508	0.382846534224509	220	219	0.000967051401457998	0.00954462566646118
HILIC.pos_Cluster_1486..C16.carnitine	diagnosis_modified	UC	2.28108063290133	0.681325034880182	220	189	0.000985134216202769	0.0096659051330954
C18.neg_Cluster_0729..docosapentaenoic.acid	steroids	Yes	1.14165228058444	0.342666595319506	220	112	0.00104131250928641	0.0101573641256709
HILIC.pos_Cluster_0114..2.hydroxyphenethylamine	diagnosis_modified	CD	1.89014454724949	0.569068148789438	220	218	0.00107788244587839	0.0104529530216579
HILIC.neg_Cluster_0441..sebacate	steroids	Yes	-1.17219300551919	0.355361004234449	220	217	0.00116431541538809	0.0112258850454759
HILIC.neg_Cluster_0622..1.2.3.4.tetrahydro.1.methyl.beta.carboline.3.carboxylic.acid	diagnosis_modified	UC	-1.53461862888908	0.466522315701047	220	206	0.00120050824851145	0.0115083204512477
HILIC.pos_Cluster_0447..ADMA	diagnosis_modified	CD	1.12177681859749	0.341416381811385	220	220	0.00121603155813548	0.0115905179369713
C18.neg_Cluster_0472..docosahexaenoic.acid	diagnosis_modified	CD	1.44681057165177	0.440890631967318	220	220	0.00123282639279819	0.0116838319499283
HILIC.neg_Cluster_0084..4.methylcatechol	diagnosis_modified	UC	-1.97961104386669	0.604441311300875	220	210	0.00125975327106741	0.0118715731985335
HILIC.neg_Cluster_0328..homovanillate	mesalamine	Yes	-1.82437766051924	0.560629817088563	220	198	0.00135097499160322	0.0125889736647719
HILIC.pos_Cluster_0822..inosine	antibiotic	Yes	-2.16874174189781	0.666270157704586	220	212	0.00134697278363933	0.0125889736647719
HILIC.neg_Cluster_1126..docosapentaenoate	steroids	Yes	1.22798817782337	0.377876477472785	220	220	0.00137112246004393	0.0126355373665927
HILIC.pos_Cluster_0082..N.methylproline	antibiotic	Yes	-2.83654392247192	0.872504847049841	220	215	0.0013650836182012	0.0126355373665927
C18.neg_Cluster_0863..docosapentaenoic.acid	steroids	Yes	1.36113290842678	0.419648580250706	220	173	0.00139966894438787	0.0128277351606537
HILIC.pos_Cluster_0657..geranyl.acetoacetate.	diagnosis_modified	UC	-1.13176974716283	0.349130569593419	220	217	0.00140817944682805	0.0128352093842032
HILIC.pos_Cluster_0797..thiamine	antibiotic	Yes	-1.74892858009793	0.542519751705154	220	220	0.00149451569834073	0.0135481097001757
HILIC.neg_Cluster_0166..glutamate	antibiotic	Yes	-0.997683421177732	0.31008765764405	220	220	0.00152588753496532	0.0137577319368765
C8.pos_Cluster_0288..palmitoyl.glycerol	mesalamine	Yes	0.59751663495907	0.185886250702139	220	220	0.00154107928466099	0.0138200013269598
C18.neg_Cluster_1131..arachidonic.acid	diagnosis_modified	CD	0.986976232686088	0.307732958776459	220	220	0.00157793012510022	0.0140747991907336
HILIC.neg_Cluster_1303..lithocholate	steroids	Yes	-2.29056673778831	0.714671117928246	220	202	0.00158931848419933	0.0141009746364068
HILIC.neg_Cluster_0335..4.pyridoxate	immunosuppressant	Yes	0.920366065180573	0.288242676946062	220	220	0.00165344891618049	0.0145923428158151
HILIC.pos_Cluster_0298..dimethyllysine	steroids	Yes	1.00283946566263	0.314505094504945	220	220	0.00167746828494541	0.0147264057857313
C18.neg_Cluster_2068..maslinic.acid	diagnosis_modified	CD	-1.53961018980935	0.483433505944049	220	92	0.00169896504562005	0.0147793524998072
HILIC.neg_Cluster_0049..uracil	antibiotic	Yes	-1.53856531119807	0.483166882069483	220	218	0.00170122043163248	0.0147793524998072
C18.neg_Cluster_1385..maslinic.acid	diagnosis_modified	CD	-2.07895801172153	0.65448291033626	220	181	0.00174544860579997	0.0150850169661884
C18.neg_Cluster_0019..p.hydroxyphenylacetate	mesalamine	Yes	1.37575402661228	0.433960975833216	220	180	0.00178152329082244	0.0153174270571744
C18.neg_Cluster_1324..docosapentaenoic.acid	steroids	Yes	1.23504490517275	0.390896561761748	220	160	0.00184478605803283	0.0157800161271732
HILIC.neg_Cluster_0335..4.pyridoxate	diagnosis_modified	CD	-1.25644800803944	0.398319841288195	220	220	0.00187594414406898	0.0158836285903912
HILIC.neg_Cluster_0441..sebacate	diagnosis_modified	UC	-1.44131191969133	0.456774280996469	220	217	0.00186958555415956	0.0158836285903912
HILIC.neg_Cluster_0707..pseudouridine	antibiotic	Yes	-2.15483774348188	0.684988314634813	220	211	0.00192887178139864	0.0162492834917825
C18.neg_Cluster_0079..undecanedionate	antibiotic	Yes	-1.37507663744439	0.438371671711285	220	213	0.00198608380446767	0.0166471748032768
C8.pos_Cluster_0554..cholestenone	antibiotic	Yes	-1.69987218658697	0.542379169414494	220	220	0.00200338089661797	0.0167081966777939
C18.neg_Cluster_0901..7.ketodeoxycholate	diagnosis_modified	UC	-1.20223540075686	0.384408058822275	220	159	0.0020466143132966	0.016983844152133
C18.neg_Cluster_1722..cholate	antibiotic	Yes	2.0601218112617	0.660219449247078	220	124	0.00209430986734697	0.0172936082115582
HILIC.pos_Cluster_0048..betaine	antibiotic	Yes	1.86722623697924	0.602447232757586	220	210	0.00224032948185093	0.0184082245109722
HILIC.pos_Cluster_0244..methionine.sulfoxide	diagnosis_modified	UC	0.836736590292722	0.270456264752562	220	220	0.0022809525512672	0.0186501414485965
C18.neg_Cluster_1178..cholate	antibiotic	Yes	2.18860560118747	0.710928405456526	220	161	0.00239514931002756	0.0194883368250048
HILIC.neg_Cluster_0909..guanosine	antibiotic	Yes	-2.08023823323602	0.677302588846499	220	197	0.00245046288296909	0.0198416120815167
HILIC.neg_Cluster_0176..xylose	antibiotic	Yes	-2.01069734000185	0.656134650955742	220	202	0.00250486924218022	0.0201841637485827
HILIC.neg_Cluster_0125..phenylacetate	antibiotic	Yes	-1.73093946031671	0.567052442319104	220	213	0.00260164964733674	0.0208632289026812
C18.neg_Cluster_0111..dodecanedioic.acid	steroids	Yes	-0.905134679492563	0.297273898559129	220	216	0.00266620746181542	0.0212543890648912
C18.neg_Cluster_0183..1.2.3.4.tetrahydro.b.carboline.1.3.dicarboxylic.acid	diagnosis_modified	UC	-1.42237712666409	0.467615909018554	220	171	0.00269180149893639	0.0212543890648912
C18.neg_Cluster_0490..docosapentaenoic.acid	diagnosis_modified	UC	1.52000736768654	0.499897445479832	220	213	0.00270139717131711	0.0212543890648912
C18.neg_Cluster_0900..ketodeoxycholate	diagnosis_modified	CD	2.20299072737569	0.724102232335229	220	215	0.00268660048312912	0.0212543890648912
C18.neg_Cluster_0863..docosapentaenoic.acid	diagnosis_modified	UC	1.63796088814984	0.539408309384283	220	173	0.00273619375520368	0.0212731447529932
C18.neg_Cluster_0930..cholate	antibiotic	Yes	1.97374638572115	0.650447809035477	220	220	0.0027547957234092	0.0212731447529932
HILIC.neg_Cluster_0003..propionate	diagnosis_modified	UC	-1.23466087361714	0.406832876158871	220	218	0.00275159203557002	0.0212731447529932
HILIC.neg_Cluster_0103..acetylalanine	mesalamine	Yes	-0.623094075501946	0.20530661702342	220	220	0.00275043704154563	0.0212731447529932
HILIC.neg_Cluster_0040..pyrocatechol	diagnosis_modified	UC	-1.48129723051701	0.488929346253881	220	211	0.00279653764332976	0.0214959667699264
HILIC.pos_Cluster_0150..4.guanidinobutanoic.acid	antibiotic	Yes	-1.38620950917944	0.45788540367951	220	209	0.00281652698895052	0.0215503074200434
C18.neg_Cluster_0064..sebacate	steroids	Yes	-1.06811797896923	0.353157639026605	220	218	0.00284270048074631	0.0216512529766431
HILIC.neg_Cluster_0085..taurine	diagnosis_modified	CD	1.89916362096528	0.63022646693807	220	220	0.00294290691804418	0.0223125851786259
C18.neg_Cluster_1621..cholate	antibiotic	Yes	2.18942837367208	0.734565845356819	220	108	0.00326167823695433	0.0246175533902255
C18.neg_Cluster_1060..chenodeoxycholate	antibiotic	Yes	1.91716426181056	0.644140018031378	220	118	0.00330519933562419	0.0248336598730683
HILIC.pos_Cluster_0306..citrulline	antibiotic	Yes	-0.951592281758558	0.322113138001308	220	220	0.00353971696145586	0.0264764479448806
HILIC.pos_Cluster_0295..arginine	diagnosis_modified	CD	-1.36636400947135	0.462819171768761	220	220	0.00356117498363183	0.0265180351459727
HILIC.pos_Cluster_0033..histamine	diagnosis_modified	CD	1.88471642371143	0.640509302611272	220	209	0.00366985475876402	0.0271357275196161
HILIC.pos_Cluster_0081..pipecolic.acid	antibiotic	Yes	-1.61967912004374	0.550550463146619	220	219	0.00367666332100314	0.0271357275196161
HILIC.neg_Cluster_0706..uridine	antibiotic	Yes	-1.35372653416267	0.461075261927822	220	216	0.003744181328914	0.0275123103816236
C18.neg_Cluster_0731..lithocholic.acid	steroids	Yes	-1.6940229887622	0.577770636858445	220	212	0.00379080551714174	0.0275667754857992
C18.neg_Cluster_1324..docosapentaenoic.acid	diagnosis_modified	UC	1.47273964001216	0.502451011267728	220	160	0.00380117407777807	0.0275667754857992
HILIC.neg_Cluster_0059..proline	mesalamine	Yes	-0.792109214868311	0.270142900363093	220	220	0.00378862769687391	0.0275667754857992
C18.neg_Cluster_0361..eicosatrienoic.acid	diagnosis_modified	UC	1.5945423825898	0.544907831119383	220	206	0.00385825365560363	0.0278595978248782
HILIC.neg_Cluster_0697..pentadecanoate	diagnosis_modified	UC	-1.38236805855654	0.47313222583472	220	220	0.00391219433719241	0.0281273282518833
C18.neg_Cluster_0506..adrenic.acid	steroids	Yes	1.53299274038167	0.525701562155801	220	188	0.00398051269691386	0.028373911019027
HILIC.neg_Cluster_0335..4.pyridoxate	diagnosis_modified	UC	-1.21872255845744	0.417777137132521	220	220	0.00396748454197738	0.028373911019027
HILIC.neg_Cluster_0365..azelaic.acid	diagnosis_modified	UC	-1.13094765732678	0.389059710021961	220	220	0.00409432890962303	0.0290610239202179
HILIC.pos_Cluster_2052..bilirubin	mesalamine	Yes	1.10541469630828	0.381511541787543	220	219	0.00421366345540439	0.0297813162865022
HILIC.pos_Cluster_0306..citrulline	mesalamine	Yes	0.648062815357565	0.223993814857876	220	220	0.00426848727496196	0.0300415053782133
C18.neg_Cluster_2021..urobilin	antibiotic	Yes	-3.01606086301739	1.0435803638293	220	171	0.00430906414007805	0.0301996596035722
HILIC.neg_Cluster_0133..4.nitrophenol	mesalamine	Yes	1.21000908141584	0.421451096497613	220	214	0.00456558238726141	0.0318635624349458
HILIC.pos_Cluster_0152..acetylcholine	antibiotic	Yes	-2.01435643692632	0.702118918321652	220	217	0.00459450865471979	0.0319318351503026
C8.pos_Cluster_0988..sphingosine	diagnosis_modified	UC	1.37767744650741	0.480991036591888	220	186	0.00466054893719715	0.0322564133910574
HILIC.neg_Cluster_0181..hydrocinnamic.acid	diagnosis_modified	UC	-2.48959494985609	0.870059249274995	220	205	0.00470068932934333	0.03239979256754
HILIC.pos_Cluster_0041..proline	mesalamine	Yes	-0.526190689118304	0.184701818947856	220	220	0.0048818249898248	0.0335098110412666
C18.neg_Cluster_1258..cholate	antibiotic	Yes	1.87846801502371	0.661071714267134	220	220	0.00499039913817676	0.0337003472165135
HILIC.neg_Cluster_0288..suberate	steroids	Yes	-0.76220396070115	0.268047445478943	220	219	0.00496062604825748	0.0337003472165135
HILIC.pos_Cluster_0177..4.hydroxy.3.methylacetophenone	diagnosis_modified	UC	-1.21751616458413	0.428356788553191	220	210	0.00497924306269441	0.0337003472165135
HILIC.pos_Cluster_0658..geranyl.acetoacetate.	diagnosis_modified	UC	-0.961823497847609	0.338202753074195	220	217	0.0049548974759534	0.0337003472165135
HILIC.neg_Cluster_0441..sebacate	antibiotic	Yes	-1.36463670435768	0.482097687060736	220	217	0.00515665584940621	0.0346826691806837
HILIC.neg_Cluster_0161..2.methylglutaric.acid	diagnosis_modified	CD	-1.35008788145196	0.477893726056216	220	220	0.00524291200648167	0.0351211936819736
HILIC.neg_Cluster_0365..azelaic.acid	steroids	Yes	-0.854227452958043	0.302680459501695	220	220	0.00528810174396982	0.0352822148357666
C8.pos_Cluster_0478..cholestenone	antibiotic	Yes	-1.79848164804252	0.63823388575635	220	220	0.0053565297757712	0.0354523600411302
HILIC.pos_Cluster_0007..putrescine	diagnosis_modified	CD	1.48033442004675	0.525300668634541	220	208	0.00535386097485456	0.0354523600411302
HILIC.pos_Cluster_0230..carnitine	steroids	Yes	0.827462349794469	0.293780280004945	220	219	0.00537736636115464	0.0354523600411302
HILIC.neg_Cluster_0117..aspartate	antibiotic	Yes	-0.836349010376098	0.297324361294007	220	220	0.00543678567838755	0.0357029862659466
C18.neg_Cluster_1273..cholate	antibiotic	Yes	1.97061624167822	0.702188382797966	220	197	0.00554347513639376	0.0362608491274698
HILIC.neg_Cluster_0372..N.acetylglutamate	diagnosis_modified	UC	-0.841898799779713	0.300623344100504	220	220	0.00564127707257949	0.0367564459260258
C18.neg_Cluster_0472..docosahexaenoic.acid	diagnosis_modified	UC	1.28913929849162	0.462427443775227	220	220	0.0058585882180322	0.0380238332594463
HILIC.neg_Cluster_0182..guanine	steroids	Yes	-1.47243790761425	0.529629662325483	220	175	0.00599244479657131	0.0385922699640191
HILIC.neg_Cluster_0622..1.2.3.4.tetrahydro.1.methyl.beta.carboline.3.carboxylic.acid	steroids	Yes	-1.00928064317023	0.362944774919554	220	206	0.00598036054930358	0.0385922699640191
HILIC.pos_Cluster_0797..thiamine	diagnosis_modified	CD	-1.35424713255394	0.490082753805244	220	220	0.00629713376601978	0.0403985350835423
HILIC.neg_Cluster_0288..suberate	diagnosis_modified	UC	-0.948697114834127	0.344543092018073	220	219	0.00648120745965412	0.0414201304318126
HILIC.neg_Cluster_0173..methionine	antibiotic	Yes	-1.11680110898316	0.405807170542607	220	218	0.00650872368077476	0.0414372179371462
HILIC.pos_Cluster_0160..glutamate	diagnosis_modified	CD	-0.731269042591706	0.265989128782393	220	220	0.00656244705704223	0.0416203866583515
C18.neg_Cluster_1803..maslinic.acid	diagnosis_modified	CD	-2.99654321494051	1.0956264886344	220	132	0.00684146507729157	0.0431999952975194
HILIC.pos_Cluster_0797..thiamine	diagnosis_modified	UC	-1.40529229021602	0.514022523157812	220	220	0.00686330860542125	0.0431999952975194
HILIC.pos_Cluster_0230..carnitine	diagnosis_modified	UC	1.03164082236901	0.377619588450025	220	219	0.00690253578848609	0.0432835702826872
HILIC.neg_Cluster_0036..glycerate	antibiotic	Yes	-0.799105875741043	0.292683376926434	220	220	0.00693649967887576	0.0433336384433137
HILIC.neg_Cluster_0288..suberate	antibiotic	Yes	-0.989480344538554	0.363644440296216	220	219	0.00712608974181144	0.0443519316766473
C18.neg_Cluster_1372..cholate	antibiotic	Yes	2.13555737183983	0.785716083703471	220	117	0.00718920829194837	0.0443603298768764
C8.pos_Cluster_0629..cholestenone	diagnosis_modified	UC	-1.38760477921584	0.511167152987899	220	113	0.00726041370287006	0.0443603298768764
HILIC.neg_Cluster_0156..caprylic.acid	diagnosis_modified	UC	-1.72646513346549	0.635740736138082	220	220	0.00723740528265842	0.0443603298768764
HILIC.neg_Cluster_0220..3.methyladipate.pimelate	diagnosis_modified	UC	-2.62241192406951	0.966028046188821	220	180	0.00725931706025483	0.0443603298768764
HILIC.pos_Cluster_2093..urobilin.	antibiotic	Yes	-3.28711137752683	1.21030547278343	220	158	0.00723193513324861	0.0443603298768764
HILIC.neg_Cluster_0036..glycerate	diagnosis_modified	CD	-0.715603355211957	0.264394199301117	220	220	0.00743083527904481	0.0452358877571049
HILIC.pos_Cluster_0022..choline	diagnosis_modified	UC	0.79344518750995	0.29395559541721	220	220	0.00759109267197724	0.046043427552211
HILIC.neg_Cluster_0182..guanine	diagnosis_modified	UC	-1.82949779363444	0.680775902027557	220	175	0.00785461644855641	0.0474692037543192
HILIC.pos_Cluster_0540..pantothenate	immunosuppressant	Yes	0.557732966600046	0.207792873337845	220	220	0.0079293682755757	0.0477479649229613
C8.pos_Cluster_0100..7.hexadecenoic.acid.methyl.ester	mesalamine	Yes	0.371638955073516	0.138560236411748	220	220	0.00797360793616191	0.0478416476169715
HILIC.neg_Cluster_1571..glycocholate	antibiotic	Yes	2.20738938409557	0.826904908130389	220	194	0.00826938637596948	0.049438481989667
HILIC.neg_Cluster_0299..ascorbate	steroids	Yes	-1.25457174767863	0.473159530270718	220	216	0.00870556492244594	0.0518602938951423
HILIC.pos_Cluster_0184..pyridoxamine	steroids	Yes	-0.840993374923457	0.317736696208281	220	217	0.00882173818380283	0.0523653355536766
HILIC.neg_Cluster_1300..riboflavin	steroids	Yes	-0.639905895350801	0.242595297000772	220	200	0.00905234856049307	0.0535436787195122
HILIC.neg_Cluster_1002..eicosapentaenoic.acid	steroids	Yes	1.1906008684026	0.452053683324217	220	198	0.00915547484056989	0.0539623040073165
HILIC.pos_Cluster_1148..linoleoyl.ethanolamide	antibiotic	Yes	1.48521110721456	0.565538672415857	220	215	0.00935404421612111	0.0549385413820071
C18.neg_Cluster_0064..sebacate	diagnosis_modified	UC	-1.18994789551041	0.453942117234569	220	218	0.00948255857097433	0.0554979217417024
C18.neg_Cluster_0351..eicosapentaenoic.acid	diagnosis_modified	CD	1.26729085645921	0.485164715499504	220	218	0.00973430755215104	0.0567721153740837
C8.pos_Cluster_0277..stearoyl.ethanolamide	diagnosis_modified	CD	1.21775893623518	0.466852270812694	220	199	0.00983460764609695	0.0571572318943892
HILIC.neg_Cluster_0452..tryptophan	diagnosis_modified	CD	0.798134627962687	0.306631344672275	220	220	0.00998895257910679	0.0578526836873269
HILIC.neg_Cluster_1170..lactose	diagnosis_modified	CD	0.981078282456964	0.377322160130077	220	215	0.0100680214128798	0.058108857151154
HILIC.pos_Cluster_0230..carnitine	diagnosis_modified	CD	0.935504620923279	0.360032565618869	220	219	0.0101167522299391	0.0581887679984081
C18.neg_Cluster_0045..azelate	diagnosis_modified	UC	-1.00537875223835	0.387418472440915	220	220	0.0102113920096502	0.0583308283290977
C18.neg_Cluster_0832..chenodeoxycholate	diagnosis_modified	UC	2.20605467651786	0.850000230680918	220	151	0.010203202714189	0.0583308283290977
HILIC.pos_Cluster_0728..2.deoxyadenosine	diagnosis_modified	CD	-1.73754217190358	0.671619092251391	220	164	0.0104422473344969	0.0594459677608902
HILIC.pos_Cluster_0936..diacetylspermine	diagnosis_modified	CD	1.53441319737676	0.594450926701997	220	210	0.0106150112377587	0.0602239413081004
C18.neg_Cluster_0144..2.hydroxymyristic.acid	diagnosis_modified	UC	-1.05481589465581	0.409052846020578	220	220	0.0106908641109695	0.060270500313867
HILIC.neg_Cluster_0174..tartarate	antibiotic	Yes	1.78068311234434	0.690582317786173	220	209	0.0106954844681682	0.060270500313867
HILIC.pos_Cluster_0254..3.methylxanthine	diagnosis_modified	CD	1.79399858784784	0.696172076107388	220	180	0.0107426748633701	0.0603325982225635
C18.neg_Cluster_0045..azelate	steroids	Yes	-0.776012649329849	0.301403610389885	220	220	0.0108113626864588	0.0605146072517227
C18.neg_Cluster_0045..azelate	antibiotic	Yes	-1.04917199744632	0.408896816784245	220	220	0.0110797503070715	0.0618094431845996
C18.neg_Cluster_0183..1.2.3.4.tetrahydro.b.carboline.1.3.dicarboxylic.acid	immunosuppressant	Yes	0.820767312306996	0.322628620424768	220	171	0.0117722137543175	0.0654535084740052
HILIC.pos_Cluster_0295..arginine	antibiotic	Yes	1.29865239803443	0.512339069683228	220	220	0.0120766532188759	0.0669231148474584
HILIC.pos_Cluster_0036..creatinine	antibiotic	Yes	2.30192173883075	0.909775589702054	220	213	0.0122287780444137	0.0675417277419937
HILIC.neg_Cluster_0066..valine	diagnosis_modified	CD	0.889542377104176	0.351749342438102	220	220	0.0122725650611563	0.0675598631089399
HILIC.pos_Cluster_0066..taurine	mesalamine	Yes	1.29527580225301	0.513201067552402	220	219	0.0124423184085594	0.0682690365311748
C18.neg_Cluster_1045..chenodeoxycholate	antibiotic	Yes	1.91035685545892	0.760364652120926	220	159	0.0128408860857135	0.0702249114458034
HILIC.pos_Cluster_0090..creatine	diagnosis_modified	UC	1.74379784747508	0.694680275797823	220	218	0.0129186623422716	0.0704193751206177
HILIC.pos_Cluster_1374..C14.carnitine	diagnosis_modified	UC	1.4118137115648	0.562961320559083	220	100	0.0130031380960949	0.0706489718054927
C18.neg_Cluster_0901..7.ketodeoxycholate	steroids	Yes	-0.748751766308424	0.299061570456404	220	159	0.013151963174969	0.0712255668047021
HILIC.pos_Cluster_0090..creatine	diagnosis_modified	CD	1.65602674824731	0.662326663208609	220	218	0.0132729499894478	0.071417034136771
HILIC.pos_Cluster_0167..methionine	antibiotic	Yes	-1.01064771433495	0.404059968795099	220	218	0.013239851378624	0.071417034136771
HILIC.neg_Cluster_1571..glycocholate	diagnosis_modified	CD	1.86087976542174	0.746980793303647	220	194	0.0136068216349358	0.0729780658748326
C18.neg_Cluster_0246..linoleic.acid	steroids	Yes	-0.908319930546795	0.36613297430318	220	220	0.0139951269298404	0.0748201016633775
C18.neg_Cluster_0079..undecanedionate	steroids	Yes	-0.801229901181759	0.323129941645272	220	213	0.0140429195818222	0.0748357503593591
HILIC.neg_Cluster_0085..taurine	diagnosis_modified	UC	1.6323341902042	0.661012035581802	220	220	0.0144340194807739	0.0761896977656042
HILIC.neg_Cluster_0161..2.methylglutaric.acid	steroids	Yes	-0.963821026663668	0.389952926652821	220	220	0.0143488742770952	0.0761896977656042
HILIC.neg_Cluster_0372..N.acetylglutamate	antibiotic	Yes	-0.783665124500515	0.317289796945544	220	220	0.0144174479268022	0.0761896977656042
HILIC.neg_Cluster_0622..1.2.3.4.tetrahydro.1.methyl.beta.carboline.3.carboxylic.acid	mesalamine	Yes	0.843229271205947	0.342399731566715	220	206	0.0146993299767558	0.0773453703508793
HILIC.pos_Cluster_2052..bilirubin	antibiotic	Yes	1.3492455105612	0.548630684230618	220	219	0.0148350580109462	0.0778140778687368
HILIC.pos_Cluster_0521..L.1.2.3.4.tetrahydro.beta.carboline.3.carboxylic.acid.	steroids	Yes	-0.758935035883997	0.308876705198057	220	211	0.0149239008472005	0.0780346915772113
C8.pos_Cluster_1900..cholestenone	steroids	Yes	-1.66196473734873	0.677757432991138	220	158	0.0151232056057431	0.0787737897313621
HILIC.neg_Cluster_0562..ethyl.glucuronide	diagnosis_modified	UC	2.27018059477622	0.926129353530368	220	117	0.0151597041389492	0.0787737897313621
C8.pos_Cluster_1900..cholestenone	antibiotic	Yes	-2.24271782324074	0.919474244331209	220	158	0.0156612649442934	0.0808761298052054
HILIC.neg_Cluster_0247..L.phenyllactic.acid	diagnosis_modified	CD	1.33598120892931	0.547487834782974	220	214	0.0156163430343746	0.0808761298052054
C18.neg_Cluster_0901..7.ketodeoxycholate	antibiotic	Yes	-0.987943278891894	0.405719506889572	220	159	0.01583375146408	0.0812037826154519
HILIC.neg_Cluster_0365..azelaic.acid	antibiotic	Yes	-0.999539888833497	0.410629044001622	220	220	0.0158707632689672	0.0812037826154519
HILIC.pos_Cluster_0121..imidazole.propionate	antibiotic	Yes	-2.00436532992379	0.8230460878566	220	215	0.0158226820447842	0.0812037826154519
C18.neg_Cluster_0250..oleic.acid	steroids	Yes	-0.998253037537643	0.411479066945302	220	220	0.0162204271693164	0.0827390596893571
C18.neg_Cluster_0064..sebacate	antibiotic	Yes	-1.16171767789277	0.479108509132393	220	218	0.016275187520407	0.0827652828781671
HILIC.neg_Cluster_0117..aspartate	immunosuppressant	Yes	0.468748601942418	0.194361705975945	220	220	0.016849042225716	0.0849069559894088
HILIC.pos_Cluster_0066..taurine	diagnosis_modified	CD	1.60807065154563	0.666674477140691	220	219	0.0168336296138155	0.0849069559894088
HILIC.pos_Cluster_0913..ethyl.9.hexadecenoate	steroids	Yes	-0.807437855863037	0.334494900742788	220	220	0.0167522044579324	0.0849069559894088
C18.neg_Cluster_0351..eicosapentaenoic.acid	diagnosis_modified	UC	1.22365306560893	0.508864246439697	220	218	0.0171676839751529	0.0859930836953606
HILIC.neg_Cluster_1403..cholate	antibiotic	Yes	1.75156402555609	0.728218768888535	220	219	0.017140534480359	0.0859930836953606
HILIC.pos_Cluster_0268..pyridoxamine	steroids	Yes	-0.751700665584728	0.31339025672168	220	219	0.0174457667032864	0.08712436784755
HILIC.neg_Cluster_0085..taurine	mesalamine	Yes	1.15883423004656	0.485143659645667	220	220	0.0179113619242193	0.0889171181238032
HILIC.neg_Cluster_0677..cystine	antibiotic	Yes	1.56554929071259	0.655152848342909	220	173	0.0178663970939029	0.0889171181238032
C8.pos_Cluster_1849..cholestenone	diagnosis_modified	UC	-3.39514226411107	1.42349506664632	220	123	0.0180806069718483	0.0894909567627388
HILIC.neg_Cluster_0079..4.hydroxybenzaldehyde	mesalamine	Yes	0.589649159115083	0.247908368343049	220	220	0.018396482668706	0.0907850091461584
C18.neg_Cluster_0219..2.hydroxyhexadecanoate	diagnosis_modified	UC	-1.28086832680817	0.538859829358173	220	220	0.0184691446648048	0.0908747295011637
C8.pos_Cluster_0339..linoleoyl.ethanolamide	diagnosis_modified	UC	1.2950597308607	0.546704883675866	220	218	0.0188686684830685	0.0925674677345829
HILIC.neg_Cluster_0020..lactate	diagnosis_modified	UC	1.22190110159786	0.516082974647197	220	220	0.0189281959250184	0.0925871871053684
HILIC.neg_Cluster_0120..adenine	diagnosis_modified	UC	-1.22076180782069	0.516373834847024	220	220	0.0191045543699685	0.0931765985061624
C18.neg_Cluster_0832..chenodeoxycholate	antibiotic	Yes	2.11555627437919	0.897123945591697	220	151	0.0194042860460624	0.0943625338916389
HILIC.neg_Cluster_0677..cystine	diagnosis_modified	UC	1.46123484502105	0.620739280184349	220	173	0.0196147504093031	0.0951087316358068
HILIC.neg_Cluster_0129..salicylate	mesalamine	Yes	0.797542017328286	0.338966430990961	220	213	0.0196741770776377	0.0951203691753613
C8.pos_Cluster_0705..cholestenone	antibiotic	Yes	-1.32606837742755	0.564729580071424	220	125	0.0199176253673077	0.0960190725799689
HILIC.neg_Cluster_0079..4.hydroxybenzaldehyde	antibiotic	Yes	-0.836381305097186	0.356503336998083	220	220	0.0200257629748783	0.0962621689973976
C18.neg_Cluster_1465..taurolithocholic.acid	antibiotic	Yes	-1.74392383168624	0.744519299381589	220	99	0.0202205524608405	0.0969191997260976
C18.neg_Cluster_0244..alpha.linolenic.acid	diagnosis_modified	CD	-1.30772675064574	0.559539595451697	220	218	0.0204956838753878	0.0978256581859387
HILIC.neg_Cluster_0299..ascorbate	diagnosis_modified	CD	-1.35488908443538	0.579864787478308	220	216	0.0205269666457305	0.0978256581859387
HILIC.neg_Cluster_0162..glutamine	diagnosis_modified	CD	1.18046003667775	0.506201375910275	220	217	0.0207714107724764	0.0987085845256142
C8.pos_Cluster_1849..cholestenone	antibiotic	Yes	-3.49613649782004	1.50241313428473	220	123	0.021041235395546	0.0997067631811668
HILIC.pos_Cluster_0453..C2.carnitine	diagnosis_modified	UC	2.0390445695259	0.878047009132596	220	145	0.0213020940322572	0.100656920243074
C18.neg_Cluster_0183..1.2.3.4.tetrahydro.b.carboline.1.3.dicarboxylic.acid	mesalamine	Yes	0.795721609670979	0.34320236425063	220	171	0.0215082880569407	0.101344136946263
HILIC.neg_Cluster_0059..proline	diagnosis_modified	CD	0.811508623844318	0.350929466518394	220	220	0.0218473353405457	0.102651705205719
HILIC.neg_Cluster_0084..4.methylcatechol	antibiotic	Yes	-1.46916136925519	0.637951325776074	220	210	0.0223888912099961	0.104606920275276
HILIC.neg_Cluster_0112..asparagine	diagnosis_modified	CD	1.69431796563415	0.735709685033566	220	176	0.0223869132073057	0.104606920275276
HILIC.pos_Cluster_0113..trigonelline	antibiotic	Yes	-1.46693854759635	0.637554808040215	220	218	0.0225072956466901	0.10486639424212
HILIC.pos_Cluster_0134..proline.betaine	diagnosis_modified	UC	-1.27952964280814	0.558580152944016	220	217	0.0231033870301199	0.10734387065805
C18.neg_Cluster_0354..arachidonic.acid	steroids	Yes	0.747235209145519	0.326631873169654	220	220	0.0232803578114646	0.107664280911654
C18.neg_Cluster_1081..glycolithocholic.acid	antibiotic	Yes	-1.17562749165992	0.513970518629192	220	127	0.0233014420917907	0.107664280911654
HILIC.neg_Cluster_0622..1.2.3.4.tetrahydro.1.methyl.beta.carboline.3.carboxylic.acid	antibiotic	Yes	-1.11793366933507	0.492386149393188	220	206	0.0243273372812177	0.111884158033502
HILIC.neg_Cluster_1002..eicosapentaenoic.acid	diagnosis_modified	UC	1.3176945571325	0.581061212996787	220	198	0.0244949964631755	0.111884158033502
HILIC.pos_Cluster_0079..pyroglutamic.acid	diagnosis_modified	UC	0.76910804935243	0.339284520664035	220	218	0.0245501210073511	0.111884158033502
HILIC.pos_Cluster_0419..N.acetylhistidine	antibiotic	Yes	-0.954514291656142	0.420730346707904	220	219	0.0244347122701549	0.111884158033502
HILIC.pos_Cluster_1580..C18.2.carnitine	diagnosis_modified	UC	1.5692494235222	0.691910975184301	220	158	0.0244791169506162	0.111884158033502
C18.neg_Cluster_0833..deoxycholic.acid	steroids	Yes	-1.28041134909496	0.568457723203429	220	213	0.025463662992737	0.115731307552821
HILIC.pos_Cluster_1374..C14.carnitine	steroids	Yes	0.984256775437785	0.437972338947371	220	100	0.025795464572514	0.116920747029764
HILIC.pos_Cluster_0134..proline.betaine	diagnosis_modified	CD	-1.19611907128879	0.532565183902872	220	217	0.0258831641143042	0.117000319085798
HILIC.neg_Cluster_0332..saccharin	antibiotic	Yes	-2.35652685891297	1.05134746361457	220	174	0.0261799065671135	0.117449375690603
HILIC.pos_Cluster_0082..N.methylproline	diagnosis_modified	UC	-1.85276314410681	0.826674312849206	220	215	0.0261937456576165	0.117449375690603
HILIC.pos_Cluster_0817..atenolol	immunosuppressant	Yes	1.39778505625206	0.623133745915963	220	117	0.0260667654122341	0.117449375690603
C18.neg_Cluster_0486..carnosol	antibiotic	Yes	-1.75680934079965	0.785354915899722	220	159	0.0264762368470969	0.118397756195597
HILIC.pos_Cluster_0379..trimethyllysine	diagnosis_modified	CD	0.926354240571214	0.415807903219041	220	220	0.0270895786866612	0.120816623661366
C18.neg_Cluster_1680..maslinic.acid	diagnosis_modified	UC	-1.42685125114995	0.64249602753507	220	175	0.0275719777874726	0.122640157198678
C18.neg_Cluster_0709..arachidonic.acid	steroids	Yes	0.670881960643106	0.302358639526932	220	220	0.0277078257190301	0.122916631115272
HILIC.pos_Cluster_0379..trimethyllysine	diagnosis_modified	UC	0.966998245458267	0.436119463298942	220	220	0.0278153797221323	0.12306645457962
C8.pos_Cluster_0253..sphingosine	diagnosis_modified	UC	0.921912815783023	0.416356600744686	220	220	0.028027350736094	0.123274893323988
HILIC.neg_Cluster_0082..nicotinate	immunosuppressant	Yes	0.468485944740368	0.21165642595537	220	220	0.0280842083112202	0.123274893323988
HILIC.pos_Cluster_0306..citrulline	diagnosis_modified	CD	-0.644468455253342	0.290979440310449	220	220	0.0279863649315966	0.123274893323988
HILIC.pos_Cluster_0032..cytosine	diagnosis_modified	UC	-1.36968396612309	0.619963151091051	220	198	0.0283747798067849	0.124223445453326
C8.pos_Cluster_0629..cholestenone	antibiotic	Yes	-1.18801409694115	0.539506080813671	220	113	0.0288921226261721	0.126157226545694
C18.neg_Cluster_0394..9.10.diHOME	mesalamine	Yes	0.729359006778979	0.331735118468011	220	216	0.02913881235885	0.126402116216077
C18.neg_Cluster_1197..glycoursodeoxycholic.acid	diagnosis_modified	CD	1.52121195043421	0.691577236279984	220	160	0.0290659224267712	0.126402116216077
HILIC.neg_Cluster_0105..leucine	diagnosis_modified	CD	0.710009045823936	0.323395692944278	220	220	0.0293666421876546	0.126402116216077
HILIC.neg_Cluster_0118..malate	antibiotic	Yes	-0.645126044797791	0.29390928376693	220	220	0.0294028903428284	0.126402116216077
HILIC.neg_Cluster_0125..phenylacetate	diagnosis_modified	CD	-1.12487948409853	0.512244248454145	220	213	0.0293301023445839	0.126402116216077
HILIC.neg_Cluster_0299..ascorbate	diagnosis_modified	UC	-1.33672714011574	0.608190267532688	220	216	0.0291925522070557	0.126402116216077
HILIC.pos_Cluster_1486..C16.carnitine	steroids	Yes	1.16233718104145	0.530056876400543	220	189	0.0295585815790621	0.12674476625675
C18.neg_Cluster_0351..eicosapentaenoic.acid	steroids	Yes	0.867142799977207	0.395885926938199	220	218	0.0297398976457935	0.127195254546624
HILIC.pos_Cluster_0453..C2.carnitine	diagnosis_modified	CD	1.83134710103193	0.837153386903337	220	145	0.0299465366506864	0.127751465814181
HILIC.pos_Cluster_0521..L.1.2.3.4.tetrahydro.beta.carboline.3.carboxylic.acid.	immunosuppressant	Yes	0.598246249178315	0.273924352113718	220	211	0.0302147027448143	0.128566643312118
HILIC.pos_Cluster_0113..trigonelline	diagnosis_modified	CD	1.25340823455162	0.575932240336079	220	218	0.030792287139516	0.130690928622679
C18.neg_Cluster_1465..taurolithocholic.acid	mesalamine	Yes	1.12562205592438	0.517730258189959	220	99	0.0309569535152662	0.131056341277828
HILIC.neg_Cluster_0125..phenylacetate	diagnosis_modified	UC	-1.16288764465033	0.537266571857602	220	213	0.0317040378029366	0.13387932925392
HILIC.pos_Cluster_0082..N.methylproline	diagnosis_modified	CD	-1.70445394137274	0.7881732910307	220	215	0.0318534091616247	0.134170420408056
C18.neg_Cluster_1385..maslinic.acid	diagnosis_modified	UC	-1.48056377710331	0.686453367972225	220	181	0.0323021490906801	0.134699961708136
HILIC.neg_Cluster_0003..propionate	diagnosis_modified	CD	-0.837433265748352	0.387885291604692	220	218	0.0321331738674446	0.134699961708136
HILIC.neg_Cluster_0254..urate	diagnosis_modified	CD	-1.01394961868977	0.469840433046524	220	220	0.0322040571303242	0.134699961708136
HILIC.pos_Cluster_0150..4.guanidinobutanoic.acid	diagnosis_modified	CD	0.89220535511118	0.413628699890058	220	209	0.0322871888833403	0.134699961708136
HILIC.pos_Cluster_0384..N.acetylglutamic.acid	steroids	Yes	-0.59963190925797	0.278190575039771	220	220	0.0324098326876753	0.134811972376664
HILIC.pos_Cluster_0152..acetylcholine	diagnosis_modified	UC	-1.43292254343083	0.665238337992663	220	217	0.0325268845717048	0.134962297178118
C18.neg_Cluster_1131..arachidonic.acid	steroids	Yes	0.540328332519385	0.251104715043478	220	220	0.0327019084500273	0.135351819589691
C8.pos_Cluster_0339..linoleoyl.ethanolamide	antibiotic	Yes	1.23973866395327	0.577014010836965	220	218	0.0329637301364234	0.13583796780512
HILIC.neg_Cluster_0562..ethyl.glucuronide	diagnosis_modified	CD	1.89695157597294	0.882996373718601	220	117	0.0329822403843367	0.13583796780512
HILIC.neg_Cluster_0242..phenylalanine	diagnosis_modified	CD	0.59898026177649	0.279954333370125	220	220	0.0336934138704172	0.138085047508246
HILIC.pos_Cluster_0379..trimethyllysine	antibiotic	Yes	0.985054015427088	0.460297773508432	220	220	0.0336546831532285	0.138085047508246
HILIC.pos_Cluster_0913..ethyl.9.hexadecenoate	diagnosis_modified	UC	-0.916637141547018	0.429953388140952	220	220	0.034323542804335	0.14032271911184
HILIC.pos_Cluster_0062..nicotinic.acid	immunosuppressant	Yes	0.430193806292591	0.201909566745936	220	219	0.0344336764898569	0.140428783337607
HILIC.pos_Cluster_0066..taurine	diagnosis_modified	UC	1.48897112403508	0.699240473581231	220	219	0.0345353007180713	0.140499711214007
HILIC.neg_Cluster_0254..urate	diagnosis_modified	UC	-1.04763671798197	0.492791396964985	220	220	0.034828770154073	0.14134887741361
C8.pos_Cluster_0554..cholestenone	diagnosis_modified	UC	-1.09096126538687	0.5138893253092	220	220	0.0350805835034468	0.142025274960556
HILIC.pos_Cluster_0817..atenolol	mesalamine	Yes	1.40396201079612	0.662870437722307	220	117	0.0355029322851131	0.143387145403314
HILIC.pos_Cluster_0540..pantothenate	mesalamine	Yes	0.467601085907064	0.221043642408686	220	220	0.0357249124925288	0.143935154680043
C18.neg_Cluster_0351..eicosapentaenoic.acid	immunosuppressant	Yes	-0.742255853660095	0.351087648315692	220	218	0.0358340534517623	0.144026990741059
C18.neg_Cluster_1575..taurodeoxycholic.acid	immunosuppressant	Yes	1.1015822967872	0.524856069635063	220	162	0.0371819640198159	0.149085374964069
HILIC.neg_Cluster_0020..lactate	antibiotic	Yes	1.13941823695975	0.544694433903036	220	220	0.0378097118821807	0.151238847528723
HILIC.neg_Cluster_0677..cystine	steroids	Yes	1.00910018078795	0.482922404240584	220	173	0.0380166183016026	0.151702677815964
HILIC.pos_Cluster_1370..5alpha.cholestanol	antibiotic	Yes	-1.9496592474648	0.933877689012439	220	134	0.0381868845244232	0.152018432903909
C18.neg_Cluster_1129..chenodeoxycholate	antibiotic	Yes	1.59183509816795	0.764041372264606	220	203	0.0385780155259001	0.153209833088575
C8.pos_Cluster_0478..cholestenone	diagnosis_modified	UC	-1.25869783210964	0.604709029100178	220	220	0.0387578890274689	0.153558572203844
HILIC.neg_Cluster_0034..alpha.hydroxybutyrate	diagnosis_modified	UC	0.981032688915339	0.471719921183143	220	220	0.0389247885275167	0.153854377402602
HILIC.pos_Cluster_0177..4.hydroxy.3.methylacetophenone	antibiotic	Yes	-0.939623009333114	0.452104738795166	220	210	0.0390515419455654	0.153990477459109
HILIC.neg_Cluster_0161..2.methylglutaric.acid	diagnosis_modified	UC	-1.03902072080299	0.501238080633058	220	220	0.0395593329824914	0.154531539613105
HILIC.neg_Cluster_0552..pantothete	immunosuppressant	Yes	0.405950873553014	0.195766786227095	220	220	0.0394900053834166	0.154531539613105
HILIC.pos_Cluster_0177..4.hydroxy.3.methylacetophenone	steroids	Yes	-0.690955920766396	0.333252779072476	220	210	0.0395160103686678	0.154531539613105
HILIC.pos_Cluster_1113..phytosphingosine	mesalamine	Yes	0.513993707141844	0.247628683094148	220	220	0.0393006551198638	0.154531539613105
HILIC.neg_Cluster_1126..docosapentaenoate	diagnosis_modified	UC	1.00219099286722	0.485715242377114	220	220	0.0404702196996288	0.157720388922852
C18.neg_Cluster_1620..arachidonic.acid	steroids	Yes	0.590505133666783	0.286991115430167	220	200	0.0410263315458036	0.15938321983117
HILIC.neg_Cluster_1303..lithocholate	diagnosis_modified	UC	-1.88953922623214	0.918624672236819	220	202	0.0410896154712628	0.15938321983117
HILIC.pos_Cluster_0116..urocanic.acid	diagnosis_modified	CD	-1.06133524118028	0.516224377122599	220	220	0.0411835538052964	0.15938321983117
HILIC.neg_Cluster_0133..4.nitrophenol	immunosuppressant	Yes	0.812890933108204	0.396186623412169	220	214	0.0415916580874464	0.160590013170974
C8.pos_Cluster_1900..cholestenone	diagnosis_modified	UC	-1.77846069287648	0.87117652318512	220	158	0.0426187858646425	0.163420999591319
HILIC.neg_Cluster_0079..4.hydroxybenzaldehyde	immunosuppressant	Yes	0.475893354408118	0.233047155851946	220	220	0.042558556953705	0.163420999591319
HILIC.neg_Cluster_0392..citrate	antibiotic	Yes	1.32607179809287	0.649306400599474	220	220	0.0425342773765594	0.163420999591319
HILIC.neg_Cluster_0035..serine	antibiotic	Yes	-0.927313939875529	0.454592438215501	220	218	0.0427763190896302	0.163648853764915
C18.neg_Cluster_0090..acetytyrosine	diagnosis_modified	CD	-0.73819770059351	0.362848921895907	220	204	0.0433260521777912	0.164995102814054
C18.neg_Cluster_1292..chenodeoxycholate	diagnosis_modified	UC	1.22369430609419	0.601317032192621	220	195	0.0432676315102582	0.164995102814054
HILIC.pos_Cluster_0036..creatinine	diagnosis_modified	CD	1.66890341942538	0.821841647137466	220	213	0.0437103795965856	0.166079528854453
C18.neg_Cluster_1275..oleanolic.acid	diagnosis_modified	UC	-1.15268797270772	0.569217824324217	220	185	0.0442929413169943	0.167821867107834
C8.pos_Cluster_0264..linoleoyl.ethanolamide	diagnosis_modified	UC	1.1169786833164	0.551786697345902	220	217	0.0443701699008123	0.167821867107834
HILIC.neg_Cluster_0020..lactate	diagnosis_modified	CD	0.995171846444651	0.492047243092205	220	220	0.0445555357560905	0.168141705070495
HILIC.pos_Cluster_0268..pyridoxamine	immunosuppressant	Yes	0.561841911015777	0.277927152117842	220	219	0.0446566349113589	0.168142814970986
C18.neg_Cluster_1196..glycodeoxycholic.acid	diagnosis_modified	CD	-1.45587075958764	0.720622162791847	220	177	0.044787009862099	0.168253901914372
HILIC.pos_Cluster_0032..cytosine	antibiotic	Yes	1.31726875689266	0.654333690924668	220	198	0.0455410873195853	0.170702322806895
C18.neg_Cluster_1292..chenodeoxycholate	antibiotic	Yes	1.27400202602966	0.634653837728945	220	195	0.0461550071890461	0.172615587424504
HILIC.pos_Cluster_1580..C18.2.carnitine	antibiotic	Yes	1.46469663023769	0.730270277171907	220	158	0.0463385003087981	0.172914135380481
C18.neg_Cluster_0268..hexadecanedioic.acid	mesalamine	Yes	0.357672340906051	0.178591488896964	220	217	0.0466574486552647	0.172948259154693
HILIC.neg_Cluster_0020..lactate	steroids	Yes	0.804156765786139	0.401501949143995	220	220	0.0466432223564053	0.172948259154693
HILIC.pos_Cluster_0156..glutamine	diagnosis_modified	UC	0.612426388445261	0.305796003810922	220	220	0.0466587030093595	0.172948259154693
HILIC.neg_Cluster_0192..ribitol	antibiotic	Yes	0.70663945811441	0.354116984319828	220	219	0.0474481705080349	0.17470981988389
HILIC.neg_Cluster_0740..deoxyinosine	antibiotic	Yes	-1.3785039482967	0.690310629239948	220	211	0.0472905475305369	0.17470981988389
HILIC.pos_Cluster_0298..dimethyllysine	diagnosis_modified	UC	0.806979412836217	0.404258871120943	220	220	0.0473715351938724	0.17470981988389
HILIC.neg_Cluster_0841..heptadecanoate	diagnosis_modified	CD	-0.838584650904299	0.421380464789984	220	219	0.0480459717597072	0.176521323557691
HILIC.pos_Cluster_0734..deoxyinosine	antibiotic	Yes	-1.37347459738473	0.691388239325739	220	190	0.0484410495169042	0.177581693613618
C18.neg_Cluster_0019..p.hydroxyphenylacetate	immunosuppressant	Yes	0.809796029087294	0.40794658060401	220	180	0.0486082427142405	0.177803835191564
C18.neg_Cluster_0164..palmitoleic.acid	immunosuppressant	Yes	-0.651427507121699	0.328332350923287	220	198	0.0487211372089955	0.177826820272657
HILIC.neg_Cluster_0062..alpha.ketoisovalerate	antibiotic	Yes	-1.17897981022243	0.595369967129516	220	211	0.0491502125703673	0.179001210845792
C18.neg_Cluster_2068..maslinic.acid	diagnosis_modified	UC	-1.0030711362149	0.507048470028671	220	92	0.0493763586712338	0.179433041968667
HILIC.pos_Cluster_1148..linoleoyl.ethanolamide	diagnosis_modified	UC	1.05810684616374	0.535832316565141	220	215	0.0497823001554729	0.18051494925941
C18.neg_Cluster_1941..arachidonic.acid	antibiotic	Yes	0.709348379937021	0.36065538043321	220	170	0.0506899916514403	0.182817635598366
C8.pos_Cluster_0515..beta.sitosterol	immunosuppressant	Yes	0.73624845530067	0.374648393421477	220	210	0.0508832891302236	0.182817635598366
HILIC.neg_Cluster_0003..propionate	immunosuppressant	Yes	0.552376671948844	0.280691753738791	220	218	0.0505644933676631	0.182817635598366
HILIC.pos_Cluster_0728..2.deoxyadenosine	diagnosis_modified	UC	-1.38512920461732	0.7044266253393	220	164	0.0507493287471592	0.182817635598366
HILIC.pos_Cluster_1374..C14.carnitine	mesalamine	Yes	-0.811679702348942	0.413180245734257	220	100	0.0509653480535012	0.182817635598366
HILIC.pos_Cluster_0817..atenolol	antibiotic	Yes	-1.86807465092752	0.953237378087921	220	117	0.0515230563274971	0.184421583592844
HILIC.neg_Cluster_0103..acetylalanine	steroids	Yes	0.426116324067878	0.217625649307909	220	220	0.0517228147071667	0.184740160453007
C18.neg_Cluster_1621..cholate	steroids	Yes	1.05557769497799	0.541458844313932	220	108	0.0527385043466824	0.187965438568945
HILIC.pos_Cluster_0079..pyroglutamic.acid	diagnosis_modified	CD	0.630003360288333	0.323482891739888	220	218	0.0529726167365913	0.188397280845702
HILIC.pos_Cluster_1374..C14.carnitine	immunosuppressant	Yes	-0.754439248059193	0.3884115803196	220	100	0.0536023546043374	0.190231335063904
C18.neg_Cluster_0729..docosapentaenoic.acid	diagnosis_modified	UC	0.85343824337578	0.440457129041967	220	112	0.0541840940243575	0.190984052340042
C18.neg_Cluster_1722..cholate	steroids	Yes	0.94179018603435	0.486657067222143	220	124	0.0544794428493113	0.190984052340042
C18.neg_Cluster_1941..arachidonic.acid	steroids	Yes	0.515474547019152	0.265844167298725	220	170	0.0540132532160486	0.190984052340042
C8.pos_Cluster_0478..cholestenone	steroids	Yes	-0.910467550904325	0.470451198307154	220	220	0.05446911074416	0.190984052340042
HILIC.neg_Cluster_0032..2.aminobutyric.acid	mesalamine	Yes	-0.715042876523419	0.369296210063285	220	220	0.0543550405223106	0.190984052340042
HILIC.neg_Cluster_0059..proline	diagnosis_modified	UC	0.712235695751618	0.368071817319843	220	220	0.0545014441929618	0.190984052340042
C8.pos_Cluster_0515..beta.sitosterol	diagnosis_modified	UC	-1.04979777712568	0.543013043360723	220	210	0.054719674041399	0.191346784698225
HILIC.pos_Cluster_0081..pipecolic.acid	immunosuppressant	Yes	0.695375830143806	0.359896265402927	220	219	0.0548595301768963	0.19143451116122
C8.pos_Cluster_0166..sphingosine	steroids	Yes	0.696879054636364	0.36098524708033	220	215	0.055066725550471	0.191756363712287
HILIC.pos_Cluster_1370..5alpha.cholestanol	steroids	Yes	-1.32825110462435	0.688374415199792	220	134	0.0551845668418824	0.191766369775541
HILIC.neg_Cluster_0032..2.aminobutyric.acid	diagnosis_modified	CD	0.92168175057193	0.479734695269005	220	220	0.0562313923501474	0.194997842910698
C8.pos_Cluster_0341..N.oleoylethanolamine	diagnosis_modified	UC	0.949254795586354	0.495347920307806	220	214	0.0568550976359198	0.196344312332742
HILIC.pos_Cluster_0062..nicotinic.acid	mesalamine	Yes	0.411687986544945	0.214785162521514	220	219	0.056803426868542	0.196344312332742
C18.neg_Cluster_1275..oleanolic.acid	immunosuppressant	Yes	0.751119102069343	0.392728215274693	220	185	0.0573399338971921	0.197609524257265
HILIC.neg_Cluster_0015..alanine	diagnosis_modified	CD	0.628739176290231	0.32937982369964	220	220	0.0578200852129353	0.198853406464281
C18.neg_Cluster_0591..eicosatrienoic.acid	diagnosis_modified	UC	0.904097704630101	0.474859981950713	220	119	0.0584637702489049	0.200241414322738
HILIC.neg_Cluster_0480..1.3.7.trimethylurate	diagnosis_modified	CD	-1.21840471410869	0.639773440959751	220	212	0.0583973730357055	0.200241414322738
C18.neg_Cluster_0930..cholate	steroids	Yes	0.909641865653134	0.479454253411143	220	220	0.0593450728274763	0.200786169322983
C18.neg_Cluster_1596..oleanolic.acid	diagnosis_modified	UC	-1.08735202438737	0.572974327580443	220	178	0.0592802938471758	0.200786169322983
HILIC.neg_Cluster_0125..phenylacetate	steroids	Yes	-0.794098002769267	0.417982352466103	220	213	0.0590018385545282	0.200786169322983
HILIC.neg_Cluster_0203..orotate	steroids	Yes	-0.758039234920383	0.399419862461774	220	220	0.059264634054612	0.200786169322983
HILIC.neg_Cluster_0562..ethyl.glucuronide	immunosuppressant	Yes	-1.21255336452479	0.638977053393043	220	117	0.0592915405355791	0.200786169322983
HILIC.pos_Cluster_0151..butyrobetaine	mesalamine	Yes	0.540794048228135	0.284474320294953	220	220	0.0588443839249273	0.200786169322983
C18.neg_Cluster_0244..alpha.linolenic.acid	steroids	Yes	-0.862156132625766	0.456574528871002	220	218	0.0605404957635772	0.204416086910216
C8.pos_Cluster_0554..cholestenone	steroids	Yes	-0.754258525141097	0.39979533503694	220	220	0.0607706663333377	0.204778730189914
C18.neg_Cluster_0591..eicosatrienoic.acid	steroids	Yes	0.695871440496696	0.369431307928789	220	119	0.061175695468454	0.205314004107407
HILIC.pos_Cluster_0914..8.hydroxy.deoxyguanosine	diagnosis_modified	CD	-1.11268952784875	0.590472504175037	220	209	0.0610700346994593	0.205314004107407
HILIC.pos_Cluster_0254..3.methylxanthine	antibiotic	Yes	-1.44739265922174	0.770659850691118	220	180	0.0619294590836092	0.207426381027028
C8.pos_Cluster_0123..sphingosine	immunosuppressant	Yes	-0.521865827540449	0.2797500438831	220	218	0.0636900450526167	0.212045898498532
HILIC.neg_Cluster_0118..malate	mesalamine	Yes	-0.38134328729342	0.204381175203208	220	220	0.0636377274296514	0.212045898498532
HILIC.pos_Cluster_0172..triethanolamine	diagnosis_modified	CD	-0.86754782844854	0.465038058311598	220	216	0.0636802262665763	0.212045898498532
HILIC.pos_Cluster_0152..acetylcholine	immunosuppressant	Yes	0.855120633192622	0.458976957586194	220	217	0.064024556752465	0.212734981400621
HILIC.neg_Cluster_0159..alpha.ketoglutarate	mesalamine	Yes	-0.868567796337502	0.467355426931763	220	169	0.0646818360678001	0.214491655191035
HILIC.pos_Cluster_0114..2.hydroxyphenethylamine	steroids	Yes	0.861401945737342	0.464349661830966	220	218	0.0651685996426267	0.215677032150598
C18.neg_Cluster_0394..9.10.diHOME	antibiotic	Yes	-0.884267357591509	0.477049958110526	220	216	0.0653778447540264	0.215941079306369
C18.neg_Cluster_1596..oleanolic.acid	antibiotic	Yes	-1.11779440721621	0.604739823505622	220	178	0.0661336579101494	0.217765045383889
HILIC.neg_Cluster_0162..glutamine	diagnosis_modified	UC	0.981152299877318	0.5309285145234	220	217	0.0661911738666857	0.217765045383889
HILIC.neg_Cluster_0697..pentadecanoate	antibiotic	Yes	-0.921062184150563	0.499362510628263	220	220	0.0667042073774872	0.21862234225442
HILIC.pos_Cluster_1113..phytosphingosine	diagnosis_modified	CD	0.59331408755193	0.321682344922192	220	220	0.0667138922107314	0.21862234225442
HILIC.neg_Cluster_0066..valine	diagnosis_modified	UC	0.679172032542863	0.368931742884765	220	220	0.0672269733884271	0.21987174825862
C18.neg_Cluster_1596..oleanolic.acid	immunosuppressant	Yes	0.725694833041214	0.395319990789177	220	178	0.0679964981697486	0.22113929186564
C8.pos_Cluster_0288..palmitoyl.glycerol	diagnosis_modified	UC	0.465291578245565	0.253271472316124	220	220	0.067786993605783	0.22113929186564
HILIC.pos_Cluster_0082..N.methylproline	mesalamine	Yes	1.11371893887351	0.606729953287059	220	215	0.0680122642248641	0.22113929186564
C8.pos_Cluster_0288..palmitoyl.glycerol	diagnosis_modified	CD	0.441612922234436	0.241475762288507	220	220	0.0690298074693846	0.223242601754576
HILIC.pos_Cluster_0333..tyrosine	immunosuppressant	Yes	0.393590772685671	0.215061270324829	220	220	0.068830608214875	0.223242601754576
HILIC.pos_Cluster_0521..L.1.2.3.4.tetrahydro.beta.carboline.3.carboxylic.acid.	mesalamine	Yes	0.532840943942233	0.291392267516366	220	211	0.0690606609744371	0.223242601754576
C18.neg_Cluster_1275..oleanolic.acid	steroids	Yes	-0.808994787060686	0.442839770310022	220	185	0.0693275833766863	0.22367197112633
C18.neg_Cluster_0472..docosahexaenoic.acid	steroids	Yes	0.656836270339364	0.35975904870792	220	220	0.0694889321795387	0.223759727558823
HILIC.neg_Cluster_0034..alpha.hydroxybutyrate	mesalamine	Yes	-0.629787262852492	0.346214465957684	220	220	0.070509364894548	0.226608132262247
C18.neg_Cluster_1574..taurochenodesoxycholic.acid	diagnosis_modified	CD	1.4175873571895	0.781000320459574	220	188	0.0711205694010894	0.227270002651993
HILIC.pos_Cluster_0151..butyrobetaine	immunosuppressant	Yes	0.48547865741447	0.267421110875596	220	220	0.0710716707407212	0.227270002651993
HILIC.pos_Cluster_0540..pantothenate	steroids	Yes	-0.425283329850805	0.234306944910053	220	220	0.0711240655781418	0.227270002651993
C18.neg_Cluster_0472..docosahexaenoic.acid	immunosuppressant	Yes	-0.577981045885667	0.319048871850581	220	220	0.0716649437033699	0.22856047054918
HILIC.neg_Cluster_0020..lactate	immunosuppressant	Yes	-0.644401387900357	0.356068163901005	220	220	0.0719457739605745	0.229018227034806
HILIC.pos_Cluster_0022..choline	immunosuppressant	Yes	-0.366778989909442	0.202812792265014	220	220	0.0721499283857083	0.229230629614022
C18.neg_Cluster_0250..oleic.acid	diagnosis_modified	CD	-0.909440093537443	0.504274365074067	220	220	0.0729338768893335	0.23128081112435
HILIC.neg_Cluster_0040..pyrocatechol	immunosuppressant	Yes	0.606877551257949	0.33733369080224	220	211	0.0736331164548779	0.23305510103745
HILIC.neg_Cluster_0203..orotate	mesalamine	Yes	-0.676498666047725	0.376810091065889	220	220	0.0742244722742119	0.23430508365735
HILIC.pos_Cluster_0046..valine	diagnosis_modified	UC	0.530903123211156	0.295800372198047	220	220	0.074308986363752	0.23430508365735
HILIC.pos_Cluster_0089..hydroxyproline	antibiotic	Yes	0.906648064848857	0.506096306586456	220	220	0.0748463273719235	0.235554101993148
HILIC.neg_Cluster_0125..phenylacetate	immunosuppressant	Yes	0.663582262983198	0.37068365197961	220	213	0.0750551176353404	0.235766358221747
C18.neg_Cluster_1258..cholate	steroids	Yes	0.870761099260211	0.487285283788058	220	220	0.0755718681158338	0.236943375972201
C18.neg_Cluster_0361..eicosatrienoic.acid	steroids	Yes	0.757147418658996	0.423927095149423	220	206	0.075723117722549	0.236972158276195
C18.neg_Cluster_0183..1.2.3.4.tetrahydro.b.carboline.1.3.dicarboxylic.acid	antibiotic	Yes	-0.879138074964638	0.493540371140973	220	171	0.076497103291976	0.23780940560613
HILIC.neg_Cluster_0182..guanine	antibiotic	Yes	-1.28051687831125	0.718517879461581	220	175	0.0763538037489007	0.23780940560613
HILIC.neg_Cluster_0247..L.phenyllactic.acid	diagnosis_modified	UC	1.02349569496815	0.574231751777142	220	214	0.0763195063912872	0.23780940560613
HILIC.pos_Cluster_0009..beta.alanine	immunosuppressant	Yes	1.07206039140063	0.602135032400366	220	203	0.0766376798765978	0.23780940560613
HILIC.pos_Cluster_1017..sphinganine	diagnosis_modified	UC	-0.706878358836838	0.397115791423355	220	220	0.0767035133190036	0.23780940560613
HILIC.neg_Cluster_0034..alpha.hydroxybutyrate	diagnosis_modified	CD	0.799696920375479	0.449750327238583	220	220	0.0770226692103084	0.238355866869748
HILIC.neg_Cluster_0372..N.acetylglutamate	steroids	Yes	-0.414779789512113	0.2338787841181	220	220	0.0777852545355932	0.239726207354387
HILIC.pos_Cluster_0066..taurine	immunosuppressant	Yes	0.855306544449602	0.482436514639032	220	219	0.07788374977491	0.239726207354387
HILIC.pos_Cluster_0374..N.acetylspermidine	antibiotic	Yes	-0.823144271989114	0.46431565954786	220	220	0.0778966453153942	0.239726207354387
HILIC.neg_Cluster_0062..alpha.ketoisovalerate	immunosuppressant	Yes	0.689380227851564	0.389194891378945	220	211	0.0781487176134098	0.240059044160529
C18.neg_Cluster_0563..palmitoylethanolamide	diagnosis_modified	UC	0.778950524141422	0.441230775216962	220	208	0.079136781895435	0.241758520515724
HILIC.pos_Cluster_0022..choline	diagnosis_modified	CD	0.494921280849704	0.280265088022801	220	220	0.0790525277479686	0.241758520515724
HILIC.pos_Cluster_0658..geranyl.acetoacetate.	mesalamine	Yes	0.438248322528651	0.248220777378493	220	217	0.0791107205512311	0.241758520515724
HILIC.pos_Cluster_0172..triethanolamine	mesalamine	Yes	0.631037784119213	0.35798284794341	220	216	0.079583317138342	0.242678195588216
HILIC.pos_Cluster_0447..ADMA	antibiotic	Yes	0.664706763416078	0.377946641154387	220	220	0.0802675551739787	0.244318032901818
C18.neg_Cluster_1045..chenodeoxycholate	diagnosis_modified	UC	1.26577854227404	0.720424566616746	220	159	0.0805649647814446	0.244331565918999
HILIC.pos_Cluster_0048..betaine	diagnosis_modified	UC	1.00294662236277	0.570802160987117	220	210	0.0805490585890435	0.244331565918999
C18.neg_Cluster_0394..9.10.diHOME	immunosuppressant	Yes	0.547142966626297	0.311848794665128	220	216	0.0809892336169074	0.245172489424685
HILIC.pos_Cluster_0177..4.hydroxy.3.methylacetophenone	immunosuppressant	Yes	0.516313107559309	0.295542040112704	220	210	0.0822872103608795	0.248650483481788
HILIC.pos_Cluster_0521..L.1.2.3.4.tetrahydro.beta.carboline.3.carboxylic.acid.	antibiotic	Yes	-0.731145969638192	0.419035131566326	220	211	0.0826657352261469	0.249342579307799
HILIC.pos_Cluster_0046..valine	diagnosis_modified	CD	0.491687442572358	0.282023947302652	220	220	0.0829118467480545	0.249633502483312
C18.neg_Cluster_1275..oleanolic.acid	mesalamine	Yes	0.727763845991218	0.417772148710021	220	185	0.0831594917877916	0.249927986129795
